rank_composite,name,organizer,category_slug,official_url,grade_band,region_scope,cost,participation,entry_pathway,likely_recurrence,search_volume_score,coverage_score,deadline_proximity_score,notes
4.8,Scholastic Art & Writing Awards (Art),Alliance for Young Artists & Writers,arts-music,https://www.artandwriting.org,7-12,national,paid,individual,either,annual,5,5,4,Premier teen visual-art awards
4.8,AMC 10,Mathematical Association of America,math,https://maa.org/student-programs/amc,9-10,national,paid,individual,school_or_chapter,annual,5,5,4,Gateway to AIME; Nov
4.8,AMC 12,Mathematical Association of America,math,https://maa.org/student-programs/amc,11-12,national,paid,individual,school_or_chapter,annual,5,5,4,Gateway to AIME; Nov
4.8,MATHCOUNTS Competition Series,MATHCOUNTS Foundation,math,https://www.mathcounts.org,6-8,national,paid,both,school_or_chapter,annual,5,5,4,Middle-school math; school->chapter->state->national
4.8,FIRST Robotics Competition (FRC),FIRST,robotics,https://www.firstinspires.org/robotics/frc,9-12,national,paid,team,school_or_chapter,annual,5,5,4,Flagship high-school build-season league
4.8,Scholastic Art & Writing Awards (Writing),Alliance for Young Artists & Writers,writing-essay,https://www.artandwriting.org,7-12,national,paid,individual,either,annual,5,5,4,Premier teen creative-writing awards; regional deadlines
4.6,NSDA National Speech & Debate Tournament,National Speech & Debate Association,debate-speech,https://www.speechanddebate.org,6-12,national,paid,both,school_or_chapter,annual,5,5,3,Largest US academic speech/debate
4.6,AMC 8,Mathematical Association of America,math,https://maa.org/student-programs/amc,6-8,national,paid,individual,school_or_chapter,annual,5,5,3,"25-question middle-school exam, January"
4.6,Math Kangaroo,Math Kangaroo USA,math,https://mathkangaroo.org,1-12,national,paid,individual,either,annual,5,5,3,Global participation contest; March
4.6,Scripps National Spelling Bee,E.W. Scripps Company,other,https://spellingbee.com,K-8,national,paid,individual,school_or_chapter,annual,5,5,3,Iconic national spelling championship
4.6,Regeneron International Science and Engineering Fair (ISEF),Society for Science,science-engineering,https://www.societyforscience.org/isef,9-12,national,free,both,school_or_chapter,annual,5,5,3,Premier pre-college research fair
4.6,Regeneron Science Talent Search (STS),Society for Science,science-engineering,https://www.societyforscience.org/regeneron-sts,12-12,national,free,individual,individual,annual,5,5,3,Senior research; top US science prize
4.6,Science Olympiad,"Science Olympiad, Inc.",science-engineering,https://www.soinc.org,6-12,national,paid,team,school_or_chapter,annual,5,5,3,23-event team tournament series
4.3,Congressional App Challenge,U.S. House of Representatives,computer-science,https://www.congressionalappchallenge.us,6-12,national,free,both,individual,annual,4,5,4,District-based app contest; fall deadline
4.3,CyberPatriot National Youth Cyber Defense Competition,Air & Space Forces Association,computer-science,https://www.uscyberpatriot.org,6-12,national,paid,team,school_or_chapter,annual,4,5,4,Network-defense competition
4.3,USA Computing Olympiad (USACO),USACO,computer-science,https://usaco.org,6-12,national,free,individual,individual,annual,4,5,4,Online competitive-programming contests
4.3,FIRST LEGO League Challenge,FIRST,robotics,https://www.firstinspires.org/robotics/fll,4-8,national,paid,team,school_or_chapter,annual,4,5,4,LEGO robotics + research project
4.3,FIRST Tech Challenge (FTC),FIRST,robotics,https://www.firstinspires.org/robotics/ftc,7-12,national,paid,team,school_or_chapter,annual,4,5,4,Mid-size robot league
4.3,VEX Robotics Competition (V5RC),REC Foundation,robotics,https://www.vexrobotics.com/competition,6-12,national,paid,team,school_or_chapter,annual,4,5,4,Popular middle/high robot league
4.1,National Academic Quiz Tournaments (NAQT) HSNCT,NAQT,academic-bowl,https://www.naqt.com,9-12,national,paid,team,school_or_chapter,annual,4,5,3,High School National Championship quiz bowl
4.1,United States Academic Decathlon,USAD,academic-bowl,https://www.usad.org,9-12,national,paid,team,school_or_chapter,annual,4,5,3,Ten-event team academic competition
4.1,National YoungArts Foundation,National YoungArts Foundation,arts-music,https://www.youngarts.org,10-12,national,paid,individual,individual,annual,4,5,3,National arts awards across disciplines
4.1,DECA International Career Development Conference,DECA Inc.,business-entrepreneurship,https://www.deca.org,9-12,national,paid,both,school_or_chapter,annual,4,5,3,Marketing/business CTSO championship
4.1,FBLA National Leadership Conference,Future Business Leaders of America,business-entrepreneurship,https://www.fbla.org,6-12,national,paid,both,school_or_chapter,annual,4,5,3,Business CTSO competitive events
4.1,National High School Mock Trial Championship,National High School Mock Trial,debate-speech,https://www.nationalmocktrial.org,9-12,national,paid,team,school_or_chapter,annual,4,5,3,State-champion mock trial finals
4.1,National History Day,National History Day,history-geography-civics,https://www.nhd.org,6-12,national,paid,both,school_or_chapter,annual,4,5,3,Historical research project competition
4.1,Math Olympiads for Elementary and Middle Schools (MOEMS),MOEMS,math,https://moems.org,4-8,national,paid,team,school_or_chapter,annual,4,5,3,Monthly school-based olympiad set
4.1,Math Prize for Girls,AoPS Initiative / Advantage Testing,math,https://mathprize.atfoundation.org,9-12,national,free,individual,individual,annual,4,5,3,Largest math prize for girls; Oct
4.1,3M Young Scientist Challenge,3M / Discovery Education,science-engineering,https://www.youngscientistlab.com,5-8,national,free,individual,individual,annual,4,5,3,Middle-school video-entry invention
4.1,National Science Bowl,U.S. Department of Energy,science-engineering,https://science.osti.gov/wdts/nsb,6-12,national,free,team,school_or_chapter,annual,4,5,3,Buzzer science quiz; regional->national
4.1,Thermo Fisher Scientific Junior Innovators Challenge,Society for Science,science-engineering,https://www.societyforscience.org/jic,6-8,national,free,individual,school_or_chapter,annual,4,5,3,Middle-school STEM (formerly Broadcom MASTERS)
4.0,Doodle for Google,Google,arts-music,https://doodles.google/d4g,K-12,national,free,individual,either,annual,4,4,4,National student doodle contest
3.8,Lincoln-Douglas Debate,National Speech & Debate Association,debate-speech,https://www.speechanddebate.org,9-12,national,paid,individual,school_or_chapter,annual,4,4,3,One-on-one values debate
3.8,Public Forum Debate,National Speech & Debate Association,debate-speech,https://www.speechanddebate.org,9-12,national,paid,team,school_or_chapter,annual,4,4,3,Two-person current-events debate
3.8,AIME (American Invitational Mathematics Exam),Mathematical Association of America,math,https://maa.org/student-programs/amc,9-12,national,paid,individual,school_or_chapter,annual,4,4,3,Invitational round after AMC
3.8,American Regions Mathematics League (ARML),ARML,math,https://www.arml.com,9-12,national,paid,team,school_or_chapter,annual,4,4,3,"Team relay competition, June"
3.8,Harvard-MIT Mathematics Tournament (HMMT),HMMT,math,https://www.hmmt.org,9-12,national,paid,team,school_or_chapter,annual,4,4,3,"Elite invitational, Nov & Feb"
3.8,National Merit Scholarship Program,NMSC,other,https://www.nationalmerit.org,11-11,national,paid,individual,school_or_chapter,annual,4,4,3,PSAT/NMSQT-based scholarship
3.8,Diamond Challenge,"Horn Entrepreneurship, University of Delaware",business-entrepreneurship,https://diamondchallenge.org,9-12,national,free,team,either,annual,3,5,4,High-school entrepreneurship pitch
3.8,Technovation Girls,Technovation,computer-science,https://www.technovation.org,5-12,national,free,team,either,annual,3,5,4,Girls app + AI entrepreneurship
3.8,picoCTF,Carnegie Mellon University,computer-science,https://picoctf.org,6-12,national,free,both,either,annual,3,5,4,Capture-the-flag cybersecurity
3.8,National Civics Bee,U.S. Chamber of Commerce Foundation,history-geography-civics,https://www.civicsbee.org,6-8,national,free,individual,school_or_chapter,annual,3,5,4,Middle-school civics competition
3.8,The New York Times Learning Network Contests,The New York Times,writing-essay,https://www.nytimes.com/section/learning,6-12,national,free,individual,individual,rolling,3,5,4,Editorial/review/essay contests year-round
3.6,USA(J)MO,Mathematical Association of America,math,https://maa.org/student-programs/amc,9-12,national,free,individual,school_or_chapter,annual,4,4,2,"Olympiad proof round, invite-only"
3.6,Destination Imagination,Destination Imagination,other,https://www.destinationimagination.org,K-12,national,paid,team,school_or_chapter,annual,3,5,3,STEAM creativity team challenge
3.6,Odyssey of the Mind,Odyssey of the Mind,other,https://www.odysseyofthemind.com,K-12,national,paid,team,school_or_chapter,annual,3,5,3,Creative problem-solving team competition
3.5,Bands of America Grand National Championships,Music for All,arts-music,https://marching.musicforall.org/grandnationals,9-12,national,paid,team,school_or_chapter,annual,3,4,4,"Marching-band championship, Lucas Oil Stadium"
3.5,MLH high school hackathons (Local Hack Day),Major League Hacking,computer-science,https://mlh.io,9-12,national,free,both,individual,rolling,3,4,4,Student hackathon network
3.5,NCWIT Aspirations in Computing,National Center for Women & Information Technology,computer-science,https://www.aspirations.org,9-12,national,free,individual,individual,annual,3,4,4,Award recognizing young women in computing
3.5,Purple Comet! Math Meet,Purple Comet,math,https://purplecomet.org,6-12,national,free,team,school_or_chapter,annual,3,4,4,Free online team meet; April
3.5,USA Mathematical Talent Search (USAMTS),Art of Problem Solving Initiative,math,https://www.usamts.org,6-12,national,free,individual,individual,annual,3,4,4,Free proof-based; month-long rounds; AIME qualifier
3.5,FIRST LEGO League Explore,FIRST,robotics,https://www.firstinspires.org/robotics/fll/explore,1-4,national,paid,team,school_or_chapter,annual,3,4,4,Early-elementary robotics
3.5,VEX IQ Robotics Competition,REC Foundation,robotics,https://www.vexrobotics.com/iq/competition,4-8,national,paid,team,school_or_chapter,annual,3,4,4,Elementary/middle robot league
3.5,C-SPAN StudentCam,C-SPAN,writing-essay,https://www.studentcam.org,6-12,national,free,both,individual,annual,3,4,4,Documentary competition; Jan deadline
3.5,John F. Kennedy Profile in Courage Essay Contest,JFK Library Foundation,writing-essay,https://www.jfklibrary.org/learn/education/profile-in-courage-essay-contest,9-12,national,free,individual,individual,annual,3,4,4,Political-courage essay; Jan deadline
3.4,MATHCOUNTS National Math Club,MATHCOUNTS Foundation,math,https://www.mathcounts.org/programs/national-math-club,6-8,national,free,team,school_or_chapter,annual,3,3,5,"Club program, year-round"
3.3,NAQT Middle School National Championship (MSNCT),NAQT,academic-bowl,https://www.naqt.com,6-8,national,paid,team,school_or_chapter,annual,3,4,3,Middle-school quiz bowl nationals
3.3,PACE National Scholastic Championship (NSC),PACE,academic-bowl,https://www.pace-nsc.org,9-12,national,paid,team,school_or_chapter,annual,3,4,3,Pyramidal quiz-bowl championship
3.3,Congressional Art Competition,U.S. House of Representatives,arts-music,https://www.house.gov/educators-and-students/congressional-art-competition,9-12,national,free,individual,individual,annual,3,4,3,District art contest; Capitol display
3.3,Essentially Ellington High School Jazz Competition,Jazz at Lincoln Center,arts-music,https://academy.jazz.org/ee,9-12,national,free,team,school_or_chapter,annual,3,4,3,Top HS jazz-band competition
3.3,Music Teachers National Association (MTNA) Competitions,MTNA,arts-music,https://www.mtna.org/competitions,5-12,national,paid,individual,individual,annual,3,4,3,Piano/strings/voice performance
3.3,NAfME All-National Honor Ensembles,National Association for Music Education,arts-music,https://nafme.org/programs/all-national-honor-ensembles,9-12,national,paid,individual,school_or_chapter,annual,3,4,3,Auditioned national honor ensembles
3.3,PTA Reflections Program,National PTA,arts-music,https://www.pta.org/home/programs/reflections,K-12,national,free,individual,school_or_chapter,annual,3,4,3,Multi-arts program by theme
3.3,Business Professionals of America (BPA) NLC,Business Professionals of America,business-entrepreneurship,https://bpa.org,6-12,national,paid,both,school_or_chapter,annual,3,4,3,Business/IT CTSO competition
3.3,FCCLA National Leadership Conference,"Family, Career and Community Leaders of America",business-entrepreneurship,https://fcclainc.org,6-12,national,paid,both,school_or_chapter,annual,3,4,3,Family/consumer-science CTSO events
3.3,JA Titan,Junior Achievement USA,business-entrepreneurship,https://jausa.ja.org/programs/ja-titan,9-12,national,free,team,school_or_chapter,annual,3,4,3,CEO business simulation; national challenge
3.3,National Economics Challenge,Council for Economic Education,business-entrepreneurship,https://www.councilforeconed.org/national-economics-challenge,9-12,national,paid,team,school_or_chapter,annual,3,4,3,Economics knowledge competition
3.3,National ProStart Invitational,National Restaurant Association Educational Foundation,business-entrepreneurship,https://chooserestaurants.org/events/national-prostart-invitational,9-12,national,paid,team,school_or_chapter,annual,3,4,3,Restaurant management + culinary; scholarships
3.3,SkillsUSA Championships,SkillsUSA,business-entrepreneurship,https://www.skillsusa.org,9-12,national,paid,both,school_or_chapter,annual,3,4,3,Trade/technical/leadership CTSO events
3.3,The Stock Market Game,SIFMA Foundation,business-entrepreneurship,https://www.stockmarketgame.org,4-12,national,paid,team,school_or_chapter,annual,3,4,3,Investing simulation
3.3,Wharton Global Youth Investment Competition,"Wharton School, U. Penn",business-entrepreneurship,https://globalyouth.wharton.upenn.edu,9-12,national,free,team,school_or_chapter,annual,3,4,3,Simulated portfolio investing
3.3,American Computer Science League (ACSL),ACSL,computer-science,https://www.acsl.org,3-12,national,paid,both,school_or_chapter,annual,3,4,3,CS theory + programming contests
3.3,Congressional Debate,National Speech & Debate Association,debate-speech,https://www.speechanddebate.org,9-12,national,paid,individual,school_or_chapter,annual,3,4,3,Legislative simulation debate
3.3,National High School Model United Nations (NHSMUN),IMUNA,debate-speech,https://www.imuna.org/nhsmun,9-12,national,paid,both,school_or_chapter,annual,3,4,3,"Large Model UN conference, NYC"
3.3,Policy (Cross-Examination) Debate,National Speech & Debate Association,debate-speech,https://www.speechanddebate.org,9-12,national,paid,team,school_or_chapter,annual,3,4,3,Two-person evidence-heavy debate
3.3,National Geographic GeoChallenge,National Geographic Society,history-geography-civics,https://www.nationalgeographic.org/education/student-experiences/geochallenge,5-8,national,free,team,school_or_chapter,annual,3,4,3,Team problem-solving on global issues
3.3,Cayley/Pascal/Fermat (CEMC) US sittings,University of Waterloo CEMC,math,https://www.cemc.uwaterloo.ca/contests,7-12,national,paid,individual,school_or_chapter,annual,3,4,3,Waterloo contests offered at US schools
3.3,Continental Mathematics League,Continental Mathematics League,math,https://www.continentalmathematicsleague.com,2-12,national,paid,team,school_or_chapter,annual,3,4,3,Multi-meet league
3.3,Math League,Math League Press,math,https://www.mathleague.com,4-12,national,paid,both,school_or_chapter,annual,3,4,3,Contests and tournaments
3.3,MathWorks Math Modeling (M3) Challenge,SIAM,math,https://m3challenge.siam.org,11-12,national,free,team,school_or_chapter,annual,3,4,3,Applied math modeling; scholarships
3.3,Noetic Learning Math Contest,Noetic Learning,math,https://www.noetic-learning.com/mathcontest,2-8,national,paid,individual,school_or_chapter,annual,3,4,3,Elementary/middle problem-solving
3.3,Davidson Fellows Scholarship,Davidson Institute,other,https://www.davidsongifted.org/fellows-scholarship,K-12,national,free,individual,individual,annual,3,4,3,"Significant-work scholarship, any field"
3.3,Samsung Solve for Tomorrow,Samsung,other,https://www.samsung.com/us/solvefortomorrow,6-12,national,free,team,school_or_chapter,annual,3,4,3,STEM social-impact challenge
3.3,US Chess National K-12 / Grade Championships,US Chess Federation,other,https://new.uschess.org,K-12,national,paid,both,either,annual,3,4,3,Scholastic chess national championships
3.3,Conrad Challenge,Conrad Foundation,science-engineering,https://www.conradchallenge.org,9-12,national,free,team,either,annual,3,4,3,Innovation & entrepreneurship in STEM
3.3,Envirothon,National Conservation Foundation,science-engineering,https://envirothon.org,9-12,national,free,team,school_or_chapter,annual,3,4,3,Environmental natural-resources contest
3.3,Future City Competition,DiscoverE,science-engineering,https://futurecity.org,6-8,national,paid,team,school_or_chapter,annual,3,4,3,Engineering city-design project
3.3,Genius Olympiad,Terra Science and Education,science-engineering,https://www.geniusolympiad.org,9-12,national,paid,both,either,annual,3,4,3,"Environmental-focused, multi-discipline"
3.3,HOSA-Future Health Professionals,HOSA,science-engineering,https://hosa.org,6-12,national,paid,both,school_or_chapter,annual,3,4,3,Health-science CTSO; 60+ competitive events
3.3,NASA Human Exploration Rover Challenge,NASA Marshall Space Flight Center,science-engineering,https://www.nasa.gov/learning-resources/nasa-human-exploration-rover-challenge,6-12,national,free,team,school_or_chapter,annual,3,4,3,Design/build human-powered rover; Huntsville finals
3.3,Team America Rocketry Challenge (TARC),AIA / NAR,science-engineering,https://rocketcontest.org,6-12,national,paid,team,school_or_chapter,annual,3,4,3,World's largest rocketry contest
3.3,Toshiba/NSTA ExploraVision,Toshiba / NSTA,science-engineering,https://www.exploravision.org,K-12,national,free,team,school_or_chapter,annual,3,4,3,Future-technology projection contest
3.3,U.S. National Chemistry Olympiad (USNCO),American Chemical Society,science-engineering,https://www.acs.org/education/students/highschool/olympiad.html,9-12,national,free,individual,school_or_chapter,annual,3,4,3,Chemistry olympiad; local->national
3.3,U.S. Physics Olympiad (USAPhO),American Association of Physics Teachers,science-engineering,https://www.aapt.org/physicsteam,9-12,national,free,individual,school_or_chapter,annual,3,4,3,Physics olympiad; F=ma qualifier
3.3,USA Biology Olympiad (USABO),Center for Excellence in Education,science-engineering,https://www.usabo-trc.org,9-12,national,free,individual,school_or_chapter,annual,3,4,3,Biology olympiad pipeline; Feb open exam
3.3,eCYBERMISSION,U.S. Army / NSTA,science-engineering,https://www.ecybermission.com,6-9,national,free,team,school_or_chapter,annual,3,4,3,Web-based STEM problem-solving
3.3,John Locke Institute Essay Competition,John Locke Institute,writing-essay,https://www.johnlockeinstitute.com/essay-competition,6-12,national,free,individual,individual,annual,3,4,3,Global; under-19; ten subject categories
3.3,Poetry Out Loud,National Endowment for the Arts,writing-essay,https://www.poetryoutloud.org,9-12,national,free,individual,school_or_chapter,annual,3,4,3,Recitation contest; school-to-national finals
3.3,YoungArts (Writing disciplines),National YoungArts Foundation,writing-essay,https://www.youngarts.org,10-12,national,paid,individual,individual,annual,3,4,3,National arts awards incl. writing
3.2,Girls Who Code programs / challenges,Girls Who Code,computer-science,https://girlswhocode.com,6-12,national,free,team,either,rolling,3,3,4,Coding programs and challenges
3.0,Google Code-in successor / Google programming events,Google,computer-science,https://codingcompetitions.withgoogle.com,9-12,national,free,individual,individual,annual,3,3,3,Coding challenges (Kick Start/Code Jam lineage)
3.0,Harvard Model United Nations,Harvard International Relations Council,debate-speech,https://www.harvardmun.org,9-12,national,paid,team,school_or_chapter,annual,3,3,3,"Harvard-run MUN conference, Boston, January"
3.0,Harvard National Forensics Tournament,Harvard University,debate-speech,https://www.hnft.org,9-12,national,paid,both,school_or_chapter,annual,3,3,3,Major national invitational
3.0,Model UN — National High School conferences (various),various universities,debate-speech,https://www.unausa.org/global-classrooms-model-un,6-12,national,paid,both,school_or_chapter,annual,3,3,3,University-hosted MUN circuit
3.0,National Speech & Debate Season / Original Oratory,National Speech & Debate Association,debate-speech,https://www.speechanddebate.org,9-12,national,paid,individual,school_or_chapter,annual,3,3,3,Individual speaking event
3.0,Tournament of Champions (Debate),University of Kentucky,debate-speech,https://www.tournamentofchampions.org,9-12,national,paid,both,school_or_chapter,annual,3,3,3,Elite bid tournament
3.0,Berkeley Math Tournament (BMT),UC Berkeley,math,https://bmt.berkeley.edu,6-12,national,paid,team,school_or_chapter,annual,3,3,3,University-hosted tournament
3.0,Carnegie Mellon Informatics and Mathematics Competition (CMIMC),Carnegie Mellon University,math,https://cmimc.ai,9-12,national,paid,team,school_or_chapter,annual,3,3,3,Math + CS invitational
3.0,Mu Alpha Theta National Convention,Mu Alpha Theta,math,https://mualphatheta.org,9-12,national,paid,both,school_or_chapter,annual,3,3,3,Honor-society national math event
3.0,Princeton University Mathematics Competition (PUMaC),Princeton University,math,https://pumac.princeton.edu,9-12,national,paid,team,school_or_chapter,annual,3,3,3,University-hosted invitational
3.0,Stanford Math Tournament (SMT),Stanford University,math,https://sumo.stanford.edu/smt,9-12,national,paid,team,school_or_chapter,annual,3,3,3,University invitational
3.0,NASA App / Student Launch challenges,NASA,science-engineering,https://www.nasa.gov/stem,6-12,national,free,team,school_or_chapter,annual,3,3,3,Various NASA STEM design challenges
3.0,NFTE World Series of Innovation,Network for Teaching Entrepreneurship,business-entrepreneurship,https://www.nfte.com/world-series-of-innovation,6-12,national,free,both,either,annual,2,4,4,Innovation challenges tied to goals
3.0,Coolest Projects,Raspberry Pi Foundation,computer-science,https://coolestprojects.org,K-12,national,free,both,either,annual,2,4,4,"Tech creation showcase, ages 7-18"
3.0,Hack Club / Scrapyard hackathons,Hack Club,computer-science,https://hackclub.com,6-12,national,free,both,either,rolling,2,4,4,Student-run hackathon network
3.0,World Scholar's Cup,World Scholar's Cup,other,https://www.scholarscup.org,5-12,national,paid,team,either,annual,2,4,4,"Team academic tournament, multi-subject"
3.0,BEST Robotics,"BEST Robotics, Inc.",robotics,https://www.bestrobotics.org,6-12,national,free,team,school_or_chapter,annual,2,4,4,Free six-week robotics contest
3.0,MATE ROV Competition,Marine Advanced Technology Education,robotics,https://materovcompetition.org,6-12,national,paid,team,school_or_chapter,annual,2,4,4,Underwater ROV engineering
3.0,REC Foundation Aerial Drone Competition,REC Foundation,robotics,https://www.recf.org/aerial-drone-competition,6-12,national,paid,team,school_or_chapter,annual,2,4,4,Drone piloting + autonomous
3.0,The Concord Review,The Concord Review,writing-essay,https://www.tcr.org,9-12,national,paid,individual,individual,rolling,2,4,4,Publishes high-school history essays
3.0,VFW Patriot's Pen,Veterans of Foreign Wars,writing-essay,https://www.vfw.org/community/youth-and-education/youth-scholarships,6-8,national,free,individual,either,annual,2,4,4,Middle-school patriotic essay
3.0,VFW Voice of Democracy,Veterans of Foreign Wars,writing-essay,https://www.vfw.org/community/youth-and-education/youth-scholarships,9-12,national,free,individual,either,annual,2,4,4,Audio-essay patriotic scholarship
2.9,MATHCOUNTS Countdown / Chapter,MATHCOUNTS Foundation,math,https://www.mathcounts.org,6-8,state,paid,team,school_or_chapter,annual,3,2,4,Chapter-level advancement round
2.8,Academic WorldQuest,World Affairs Councils of America,academic-bowl,https://worldaffairscouncils.org/what-we-do/academic-worldquest,9-12,national,paid,team,school_or_chapter,annual,2,4,3,"Team quiz on world affairs, geography, history"
2.8,All American High School Film Festival,AAHSFF,arts-music,https://www.hsfilmfest.com,9-12,national,paid,both,individual,annual,2,4,3,"Student film festival, NYC"
2.8,Sphinx Competition (Junior Division),Sphinx Organization,arts-music,https://www.sphinxmusic.org/sphinx-competition,6-12,national,free,individual,individual,annual,2,4,3,"Black/Latinx string players, ages 17 & under"
2.8,High School Fed Challenge,Federal Reserve Bank of New York,business-entrepreneurship,https://www.newyorkfed.org/outreach-and-education/high-school/high-school-fed-challenge,9-12,national,free,team,school_or_chapter,annual,2,4,3,Monetary-policy team analysis
2.8,National Personal Finance Challenge,Council for Economic Education,business-entrepreneurship,https://www.councilforeconed.org/national-personal-finance-challenge,9-12,national,free,team,school_or_chapter,annual,2,4,3,Personal-finance team competition
2.8,Bebras Computing Challenge (US),Bebras / CSTA,computer-science,https://www.bebras.org,3-12,national,free,individual,school_or_chapter,annual,2,4,3,Computational-thinking challenge
2.8,Model Congress / YMCA Youth & Government,YMCA,debate-speech,https://www.ymca.org/what-we-do/youth-development/youth-and-government,6-12,national,paid,both,school_or_chapter,annual,2,4,3,State-legislature simulation
2.8,National Association for Urban Debate Leagues,NAUDL,debate-speech,https://urbandebate.org,6-12,national,free,both,school_or_chapter,annual,2,4,3,Urban public-school debate network
2.8,National High School Ethics Bowl,UNC Parr Center for Ethics,debate-speech,https://nhseb.unc.edu,9-12,national,free,team,school_or_chapter,annual,2,4,3,Collaborative ethics discussion contest
2.8,Bill of Rights Institute — MyImpact Challenge,Bill of Rights Institute,history-geography-civics,https://billofrightsinstitute.org/myimpact-challenge,9-12,national,free,individual,individual,annual,2,4,3,Civic-engagement project contest
2.8,National History Bee,International Academic Competitions,history-geography-civics,https://www.historybee.com,4-12,national,paid,individual,either,annual,2,4,3,Individual history buzzer contest
2.8,National History Bowl,International Academic Competitions,history-geography-civics,https://www.historybowl.com,6-12,national,paid,team,school_or_chapter,annual,2,4,3,Team history quiz tournament
2.8,The American Legion Oratorical Contest,The American Legion,history-geography-civics,https://www.legion.org/oratorical,9-12,national,free,individual,either,annual,2,4,3,Constitution-focused speech; scholarships
2.8,United States Geography Olympiad,International Academic Competitions,history-geography-civics,https://www.usgeographyolympiad.com,4-12,national,paid,individual,either,annual,2,4,3,Geography knowledge competition
2.8,We the People: The Citizen and the Constitution,Center for Civic Education,history-geography-civics,https://www.civiced.org/wtp-the-program,9-12,national,free,team,school_or_chapter,annual,2,4,3,Constitutional-knowledge hearings
2.8,The Actuarial Foundation Modeling the Future Challenge,The Actuarial Foundation,math,https://www.mtfchallenge.org,11-12,national,free,team,either,annual,2,4,3,Actuarial data-modeling challenge
2.8,Who Wants to Be a Mathematician,American Mathematical Society,math,https://www.ams.org/wwtbam,9-12,national,free,individual,school_or_chapter,annual,2,4,3,AMS game-show contest
2.8,Future Problem Solving Program International,FPSPI,other,https://www.fpspi.org,4-12,national,paid,both,school_or_chapter,annual,2,4,3,Structured problem-solving competition
2.8,National Invention Convention and Entrepreneurship (NICE),The STEMIE Coalition,other,https://www.nationalinventionconvention.org,K-12,national,free,individual,school_or_chapter,annual,2,4,3,Invention + entrepreneurship showcase
2.8,North South Foundation Bees (spelling/math/etc.),North South Foundation,other,https://www.northsouth.org,1-12,national,paid,individual,either,annual,2,4,3,Multi-subject academic bees
2.8,National Junior Science and Humanities Symposium (JSHS),JSHS / DoD,science-engineering,https://www.jshs.org,9-12,national,free,individual,school_or_chapter,annual,2,4,3,STEM research presentation; scholarships
2.8,National Ocean Sciences Bowl,Center for Ocean Leadership,science-engineering,https://oceanleadership.org/programs/national-ocean-sciences-bowl,9-12,national,free,team,school_or_chapter,annual,2,4,3,Marine-science quiz competition
2.8,USA Brain Bee,International Brain Bee (US chapters),science-engineering,https://www.thebrainbee.org,9-12,national,free,individual,either,annual,2,4,3,Neuroscience knowledge competition
2.8,You Be The Solution Challenge,Chemical Educational Foundation in STEM,science-engineering,https://www.cefinstem.org/programs/challenge,5-8,national,free,team,school_or_chapter,annual,2,4,3,Middle-school team STEM challenge (formerly You Be The Chemist)
2.8,Ayn Rand Institute Essay Contests (Atlas Shrugged / Anthem / Fountainhead),Ayn Rand Institute,writing-essay,https://www.aynrand.org/students/essay-contests,6-12,national,free,individual,individual,annual,2,4,3,Novel-based essay contests
2.7,Blue Ocean Entrepreneurship Competition,Blue Ocean,business-entrepreneurship,https://blueoceancompetition.org,9-12,national,free,team,either,annual,2,3,4,Video-pitch entrepreneurship contest
2.7,CodeDay,CodeDay (Student Rnd),computer-science,https://www.codeday.org,9-12,national,free,both,individual,rolling,2,3,4,24-hour beginner hackathons in many cities
2.7,Codeforces / Codechef school rounds (US participation),Codeforces,computer-science,https://codeforces.com,9-12,national,free,individual,individual,rolling,2,3,4,Global competitive-programming rounds
2.7,MIT Battlecode,MIT,computer-science,https://battlecode.org,9-12,national,free,team,either,annual,2,3,4,AI programming tournament; January
2.7,National Cyber League,Cyber Skyline,computer-science,https://nationalcyberleague.org,9-12,national,paid,both,either,annual,2,3,4,Cybersecurity skills competition
2.7,The Congressional Award,Congressional Award Foundation,history-geography-civics,https://www.congressionalaward.org,7-12,national,free,individual,individual,rolling,2,3,4,Congress's youth achievement award
2.7,USA Junior National Geographic / Slingshot Challenge,National Geographic Society,other,https://www.nationalgeographic.org/society/our-programs/slingshot-challenge,6-12,national,free,both,individual,annual,2,3,4,Short-video planet-solutions challenge
2.7,VEX AI Robotics Competition,REC Foundation,robotics,https://recfoundation.net/teams/competition/vex-ai-robotics-competition,9-12,national,paid,team,school_or_chapter,annual,2,3,4,Fully autonomous dual-robot competition
2.7,World Robot Olympiad USA,World Robot Olympiad Association,robotics,https://wro-association.org,6-12,national,paid,team,school_or_chapter,annual,2,3,4,Global themed robotics challenge
2.7,We the Students Essay Contest,Bill of Rights Institute,writing-essay,https://billofrightsinstitute.org/engage/students-programs-events/scholarship,9-12,national,free,individual,individual,annual,2,3,4,Founding-principles essay scholarship
2.5,Academic Games Leagues of America (AGLOA),AGLOA,academic-bowl,https://agloa.org,4-12,national,paid,both,school_or_chapter,annual,2,3,3,Strategy/knowledge games nationals
2.5,Certamen (National Junior Classical League),NJCL,academic-bowl,https://www.njcl.org,6-12,national,paid,team,school_or_chapter,annual,2,3,3,Latin/classics quiz bowl
2.5,It's Academic,It's Academic / WJLA,academic-bowl,https://www.itsacademictv.com,9-12,regional,free,team,school_or_chapter,annual,2,3,3,Televised regional quiz show
2.5,Kentucky Governor's Cup,Kentucky Association for Academic Competition,academic-bowl,https://kaac.com/governors-cup,4-12,state,paid,both,school_or_chapter,annual,2,3,3,Quick-recall + written; statewide series
2.5,NAQT Small School National Championship (SSNCT),National Academic Quiz Tournaments,academic-bowl,https://www.naqt.com/ssnct,9-12,national,paid,team,school_or_chapter,annual,2,3,3,National championship for small high schools
2.5,National All-Star Academic Tournament (NASAT),International Quiz Bowl Tournaments,academic-bowl,https://iqbtnasat.com,9-12,national,paid,team,either,annual,2,3,3,State all-star high-school quiz bowl
2.5,National Geographic GeoBee legacy / GeoChallenge,National Geographic Society,academic-bowl,https://www.nationalgeographic.org,5-8,national,free,team,school_or_chapter,annual,2,3,3,Team geography challenge (post-GeoBee)
2.5,Quiz Bowl — ACF (Academic Competition Federation),ACF,academic-bowl,https://www.acf-quizbowl.com,9-12,national,paid,team,school_or_chapter,annual,2,3,3,Difficulty-focused collegiate/HS quiz
2.5,Scholastic Bowl (IHSA state series),state associations,academic-bowl,https://www.ihsa.org,9-12,state,paid,team,school_or_chapter,annual,2,3,3,State-run quiz bowl series
2.5,US Geography Olympiad,International Academic Competitions,academic-bowl,https://www.usgeographyolympiad.com,4-12,national,paid,individual,either,annual,2,3,3,Geography knowledge competition
2.5,United States Academic Pentathlon,USAD,academic-bowl,https://www.usad.org/USAP,6-9,national,paid,team,school_or_chapter,annual,2,3,3,Middle-school five-event contest
2.5,WordMasters Challenge,WordMasters,academic-bowl,https://www.wordmasterschallenge.com,3-8,national,paid,individual,school_or_chapter,annual,2,3,3,Vocabulary/analogy competition
2.5,ASTA National Orchestra Festival,American String Teachers Association,arts-music,https://www.astastrings.org,6-12,national,paid,team,school_or_chapter,annual,2,3,3,School-orchestra festival/competition
2.5,DownBeat Student Music Awards,DownBeat Magazine,arts-music,https://downbeat.com/sma,6-12,national,paid,both,either,annual,2,3,3,Jazz performance/composition; MS+HS divisions
2.5,Fischoff Junior Division,Fischoff National Chamber Music Association,arts-music,https://www.fischoff.org,6-12,national,paid,team,either,annual,2,3,3,"Chamber ensembles, players 18 & under"
2.5,From the Top (young musicians showcase),From the Top,arts-music,https://www.fromthetop.org,8-12,national,free,individual,individual,rolling,2,3,3,Classical young-musician showcase
2.5,Lions International Peace Poster Contest,Lions Clubs International,arts-music,https://www.lionsclubs.org/en/resources-for-members/resource-center/peace-poster-contest,6-8,national,free,individual,school_or_chapter,annual,2,3,3,Ages 11-13 peace-themed poster; club-sponsored
2.5,MTNA Composition Competition,MTNA,arts-music,https://www.mtna.org/competitions,5-12,national,paid,individual,individual,annual,2,3,3,Student composition competition
2.5,NATS National Student Auditions,National Association of Teachers of Singing,arts-music,https://www.nats.org/national_student_auditions.html,9-12,national,paid,individual,individual,annual,2,3,3,Solo voice; region-to-national
2.5,National Film Festival for Talented Youth (NFFTY),NFFTY,arts-music,https://www.nffty.org,0-12,national,paid,both,individual,annual,2,3,3,"Youth film festival, Seattle"
2.5,The Music Center's Spotlight,The Music Center (LA),arts-music,https://www.musiccenter.org/education/spotlight,9-12,state,free,individual,individual,annual,2,3,3,Performing-arts scholarship program
2.5,Toyota Dream Car Art Contest (USA),Toyota,arts-music,https://www.toyota.com/usa/dreamcar,K-11,national,free,individual,either,annual,2,3,3,Car-themed art contest by age
2.5,Vans Custom Culture,Vans,arts-music,https://www.vans.com/en-us/custom-culture,9-12,national,free,team,school_or_chapter,annual,2,3,3,Shoe-design art competition
2.5,InvestWrite,SIFMA Foundation,business-entrepreneurship,https://www.stockmarketgame.org/investwrite.html,4-12,national,free,individual,school_or_chapter,annual,2,3,3,Investing essay contest
2.5,JA Company of the Year,Junior Achievement USA,business-entrepreneurship,https://jausa.ja.org,9-12,national,free,team,school_or_chapter,annual,2,3,3,Student-run company competition
2.5,LaunchX / Launch High School,LaunchX,business-entrepreneurship,https://launchx.com,9-12,national,paid,team,either,annual,2,3,3,Entrepreneurship program + competition
2.5,NFTE National Youth Entrepreneurship Challenge,Network for Teaching Entrepreneurship,business-entrepreneurship,https://www.nfte.com,9-12,national,free,individual,school_or_chapter,annual,2,3,3,Business-plan pitch competition
2.5,VEI (Virtual Enterprises) Youth Business Summit,Virtual Enterprises International,business-entrepreneurship,https://veinternational.org,9-12,national,paid,team,school_or_chapter,annual,2,3,3,Simulated-company business competition
2.5,Young Entrepreneurs Academy Saunders Scholars,Young Entrepreneurs Academy,business-entrepreneurship,https://yeausa.org/about/saunders-scholars,6-12,national,unknown,both,school_or_chapter,annual,2,3,3,Ages 11-18; national pitch finals at RIT
2.5,Codequest (Lockheed Martin),Lockheed Martin,computer-science,https://www.lockheedmartin.com/codequest,9-12,regional,free,team,school_or_chapter,annual,2,3,3,Team programming competition
2.5,Cyber FastTrack / National Cyber Scholarship,SANS Institute,computer-science,https://www.nationalcyberscholarship.org,9-12,national,free,individual,individual,annual,2,3,3,Cyber aptitude competition + scholarship
2.5,Cyberstart America,SANS / National Cyber Scholarship Foundation,computer-science,https://www.cyberstartamerica.org,9-12,national,free,individual,individual,annual,2,3,3,Gamified cybersecurity challenge
2.5,Games for Change Student Challenge,Games for Change,computer-science,https://www.gamesforchange.org/studentchallenge,5-12,national,free,both,school_or_chapter,annual,2,3,3,Youth game-design challenge
2.5,HP CodeWars,HP,computer-science,https://www.hp.com/codewars,9-12,regional,free,team,school_or_chapter,annual,2,3,3,Regional programming contest
2.5,HPE CodeWars,Hewlett Packard Enterprise,computer-science,https://hpecodewars.org,8-12,regional,free,team,school_or_chapter,annual,2,3,3,Timed team coding contest
2.5,Microsoft Imagine Cup Junior,Microsoft,computer-science,https://imaginecup.microsoft.com,9-12,national,free,team,school_or_chapter,annual,2,3,3,AI/tech ideation challenge
2.5,National STEM League / CoderZ League,CoderZ (Intelitek),computer-science,https://gocoderz.com,5-12,national,paid,team,school_or_chapter,annual,2,3,3,Virtual robotics/coding league
2.5,Verizon Innovative Learning App Challenge,Verizon / DiscoverE,computer-science,https://appchallenge.tsaweb.org,6-8,national,free,team,school_or_chapter,annual,2,3,3,Middle-school app-concept challenge
2.5,Barkley Forum (Emory),Emory University,debate-speech,https://www.barkleyforum.com,9-12,national,paid,both,school_or_chapter,annual,2,3,3,Prestigious national invitational
2.5,Big Questions Debate,National Speech & Debate Association,debate-speech,https://www.speechanddebate.org,9-12,national,free,both,school_or_chapter,annual,2,3,3,Philosophy/science debate; cash awards
2.5,California Invitational (Berkeley),UC Berkeley,debate-speech,https://www.calnationals.org,9-12,national,paid,both,school_or_chapter,annual,2,3,3,Large West-coast invitational
2.5,Debate: National Catholic Forensic League Grand Nationals,NCFL,debate-speech,https://www.ncfl.org,9-12,national,paid,both,school_or_chapter,annual,2,3,3,Catholic-league national tournament
2.5,Glenbrooks Speech and Debate Tournament,Glenbrook North/South HS,debate-speech,https://www.glenbrooks.com,9-12,national,paid,both,school_or_chapter,annual,2,3,3,Major Midwest invitational
2.5,Harvard Model Congress,Harvard University,debate-speech,https://www.harvardmodelcongress.org,9-12,national,paid,both,school_or_chapter,annual,2,3,3,Government simulation conference
2.5,National Christian Forensics and Communications Association (NCFCA),NCFCA,debate-speech,https://www.ncfca.org,6-12,national,paid,both,school_or_chapter,annual,2,3,3,Homeschool speech/debate league
2.5,National Junior Forensic League Championship,National Speech & Debate Association,debate-speech,https://www.speechanddebate.org,6-8,national,paid,both,school_or_chapter,annual,2,3,3,Middle-school speech/debate nationals
2.5,North American Invitational Model UN (NAIMUN),Georgetown International Relations Association,debate-speech,https://naimun.modelun.org,9-12,national,paid,team,school_or_chapter,annual,2,3,3,"Largest student-run high-school MUN, DC"
2.5,Stoa USA Speech & Debate,Stoa USA,debate-speech,https://www.stoausa.org,6-12,national,paid,both,school_or_chapter,annual,2,3,3,Christian homeschool league
2.5,We the People: Citizen & the Constitution (hearings),Center for Civic Education,debate-speech,https://www.civiced.org/wtp-the-program,9-12,national,free,team,school_or_chapter,annual,2,3,3,Simulated constitutional hearings
2.5,World Schools Debate (US),National Speech & Debate Association,debate-speech,https://www.speechanddebate.org,9-12,national,paid,team,school_or_chapter,annual,2,3,3,Team format used at Worlds
2.5,YMCA Conference on National Affairs,YMCA,debate-speech,https://ymcacona.org,9-12,national,paid,team,school_or_chapter,annual,2,3,3,"National affairs conference, Blue Ridge NC"
2.5,Center for Civic Education / Project Citizen,Center for Civic Education,history-geography-civics,https://www.civiced.org/project-citizen,6-12,national,free,team,school_or_chapter,annual,2,3,3,Public-policy portfolio project
2.5,Prudential Emerging Visionaries (civic),Prudential / Ashoka,history-geography-civics,https://www.prudential.com/links/about/prudential-emerging-visionaries,9-12,national,free,individual,individual,annual,2,3,3,Civic/financial-impact awards
2.5,United States Senate Youth Program,Hearst Foundations,history-geography-civics,https://ussenateyouth.org,11-12,national,free,individual,school_or_chapter,annual,2,3,3,Government leadership scholarship
2.5,iCivics / civics education challenges,iCivics,history-geography-civics,https://www.icivics.org,6-12,national,free,both,school_or_chapter,rolling,2,3,3,Civics games and challenges
2.5,Bay Area Mathematical Olympiad (BAMO),MSRI/SLMath,math,https://www.bamo.org,8-12,regional,free,individual,school_or_chapter,annual,2,3,3,Regional proof olympiad
2.5,Caltech Harvey Mudd Math Competition (CHMMC),Caltech / Harvey Mudd,math,https://chmmc.caltech.edu,9-12,national,paid,team,school_or_chapter,annual,2,3,3,University invitational
2.5,Duke Math Meet (DMM),Duke University Mathematics Union,math,https://dukemathmeet.org,9-12,regional,paid,team,school_or_chapter,annual,2,3,3,Fall tournament at Duke; teams of six
2.5,Lexington Math Tournament (LMT),Lexington High School,math,https://lmt.mkhs.dev,6-12,national,free,team,school_or_chapter,annual,2,3,3,Student-run online/onsite tournament
2.5,Math Madness (areteem),Areteem Institute,math,https://www.mathmadnessonline.com,3-12,national,paid,team,school_or_chapter,annual,2,3,3,Bracket-style online team contest
2.5,Math is Cool Championships,Academics is Cool (Washington),math,https://www.academicsarecool.com,4-12,state,paid,both,school_or_chapter,annual,2,3,3,Washington regional + state Masters; teams of four
2.5,MathCON,Concept Schools,math,https://www.mathcon.org,5-12,national,paid,individual,school_or_chapter,annual,2,3,3,Online prelim -> national finals
2.5,National Assessment & Testing math contests,National Assessment & Testing,math,https://www.natassessment.com,9-12,national,paid,both,school_or_chapter,annual,2,3,3,Fast-paced timed math contests
2.5,New York City Interscholastic Mathematics League (NYCIML),NYCIML,math,https://www.nyciml.org,9-12,regional,paid,both,school_or_chapter,annual,2,3,3,NYC contest series Oct-Apr; four levels
2.5,Rocket City Math League,Virgil I. Grissom High School,math,https://www.rocketcitymath.org,6-12,national,free,individual,individual,annual,2,3,3,Free mail/online rounds
2.5,Coolidge Scholarship,Coolidge Foundation,other,https://coolidgescholars.org,11-11,national,free,individual,individual,annual,2,3,3,Full-ride merit scholarship + debate
2.5,Lemelson-MIT / InvenTeams,Lemelson-MIT Program,other,https://lemelson.mit.edu/inventeams,9-12,national,free,team,school_or_chapter,annual,2,3,3,High-school invention grants/contest
2.5,Rube Goldberg Machine Contest,Rube Goldberg Institute,other,https://www.rubegoldberg.org,K-12,national,paid,team,school_or_chapter,annual,2,3,3,Overengineered-machine build contest
2.5,BotBall Educational Robotics,KISS Institute for Practical Robotics,robotics,https://www.botball.org,6-12,national,paid,team,school_or_chapter,annual,2,3,3,Autonomous robotics program
2.5,FIRST Global Challenge (US team),FIRST Global,robotics,https://first.global,9-12,national,paid,team,school_or_chapter,annual,2,3,3,International robotics olympics
2.5,FIRST LEGO League Discover,FIRST,robotics,https://www.firstinspires.org/robotics/fll/discover,-1-1,national,paid,team,school_or_chapter,annual,2,3,3,Play-based early-elementary robotics (ages 4-6)
2.5,RoboCupJunior US,RoboCup,robotics,https://robocupjunioramerica.org,6-12,national,free,team,school_or_chapter,annual,2,3,3,Soccer/rescue/dance robotics
2.5,Robofest,Lawrence Technological University,robotics,https://www.robofest.net,4-12,national,paid,team,school_or_chapter,annual,2,3,3,Autonomous robotics competition
2.5,SeaPerch / RoboNation SeaPerch Challenge,RoboNation,robotics,https://seaperch.org,5-12,national,paid,team,school_or_chapter,annual,2,3,3,Underwater robotics build
2.5,TSA VEX Robotics / TSA Robotics,Technology Student Association,robotics,https://tsaweb.org,6-12,national,paid,team,school_or_chapter,annual,2,3,3,Robotics events within TSA
2.5,Wonder League Robotics Competition,Wonder Workshop,robotics,https://www.makewonder.com/robotics-competition,1-8,national,free,team,school_or_chapter,annual,2,3,3,Elementary coding robotics
2.5,Zero Robotics,MIT / NASA,robotics,https://zerorobotics.mit.edu,6-12,national,free,team,school_or_chapter,annual,2,3,3,Program satellites on the ISS
2.5,BioGENEius Challenge,Biotechnology Institute,science-engineering,https://biotechinstitute.org/programs/biogeneius,9-12,national,free,individual,individual,annual,2,3,3,Biotech research competition
2.5,California Science and Engineering Fair,University of Southern California,science-engineering,https://csef.usc.edu,6-12,state,free,both,school_or_chapter,annual,2,3,3,State ISEF-affiliated fair; feeds Regeneron ISEF
2.5,Junior Solar Sprint,Army Educational Outreach Program,science-engineering,https://www.jss.usaeop.com,6-8,national,free,team,school_or_chapter,annual,2,3,3,Solar model-car engineering
2.5,National STEM Challenge,EXPLR / US Dept of Education partners,science-engineering,https://www.thestemchallenge.org,6-12,national,free,individual,school_or_chapter,annual,2,3,3,National STEM project showcase
2.5,Real World Design Challenge,RWDC,science-engineering,https://www.realworlddesignchallenge.org,9-12,national,free,team,school_or_chapter,annual,2,3,3,Aviation/engineering design
2.5,Solar Car Challenge,Solar Car Challenge Foundation,science-engineering,https://www.solarcarchallenge.org,9-12,national,paid,team,school_or_chapter,annual,2,3,3,Solar-powered car race
2.5,Stockholm Junior Water Prize (US),Water Environment Federation,science-engineering,https://www.wef.org/sjwp,9-12,national,free,both,either,annual,2,3,3,Water-research project prize
2.5,Supermileage / Shell Eco-marathon Americas,Society of Automotive Engineers / Shell,science-engineering,https://www.makethefuture.shell/en-us/shell-eco-marathon,9-12,national,paid,team,school_or_chapter,annual,2,3,3,Fuel-efficiency vehicle challenge
2.5,"TEAMS (Tests of Engineering Aptitude, Math, Science)",Technology Student Association,science-engineering,https://teams.tsaweb.org,6-12,national,paid,team,school_or_chapter,annual,2,3,3,Engineering scenario challenge
2.5,USA National Astronomy Competition / Astronomy Olympiad,US Astronomy & Astrophysics Organization,science-engineering,https://usaaao.org,9-12,national,free,individual,individual,annual,2,3,3,Astronomy/astrophysics olympiad
2.5,iGEM (International Genetically Engineered Machine) High School,iGEM Foundation,science-engineering,https://igem.org,9-12,national,paid,team,school_or_chapter,annual,2,3,3,Synthetic-biology project competition
2.5,Bennington College Young Writers Awards,Bennington College,writing-essay,https://www.bennington.edu/events/young-writers-awards,9-12,national,free,individual,individual,annual,2,3,3,Poetry/fiction/nonfiction awards
2.5,DAR American History Essay Contest,Daughters of the American Revolution,writing-essay,https://www.dar.org/national-society/education/essay-contests,5-8,national,free,individual,school_or_chapter,annual,2,3,3,American-history essay by grade
2.5,Kenyon Review Patricia Grodd Poetry Prize,The Kenyon Review,writing-essay,https://kenyonreview.org/submit/patricia-grodd,10-11,national,free,individual,individual,annual,2,3,3,Free poetry prize for sophomores/juniors
2.5,NCTE Promising Young Writers,National Council of Teachers of English,writing-essay,https://ncte.org/awards/promising-young-writers,8-8,national,free,individual,school_or_chapter,annual,2,3,3,Grade-8 teacher-nominated writing award
2.5,National Council of Teachers of English Achievement Awards,NCTE,writing-essay,https://ncte.org/awards,11-12,national,free,individual,school_or_chapter,annual,2,3,3,Writing recognition program
2.5,Optimist International Essay Contest,Optimist International,writing-essay,https://www.optimist.org/member/scholarships3.cfm,0-12,national,free,individual,either,annual,2,3,3,Club-sponsored essay scholarship
2.5,Signet Classics Student Scholarship Essay Contest,Penguin Random House,writing-essay,https://www.penguinrandomhouse.com/pages/signet-classics-scholarship-essay-contest,11-12,national,free,individual,individual,annual,2,3,3,Literature essay scholarship
2.4,Congressional App Challenge (Senate pilot),U.S. Congress,computer-science,https://www.congressionalappchallenge.us,6-12,national,free,both,individual,annual,2,2,4,Related district app competition
2.2,National Dance / YoungArts dance discipline,National YoungArts Foundation,arts-music,https://www.youngarts.org,10-12,national,paid,individual,individual,annual,2,2,3,National awards in dance
2.2,White House / C-SPAN youth film (StudentCam art),C-SPAN,arts-music,https://www.studentcam.org,6-12,national,free,both,individual,annual,2,2,3,Documentary filmmaking contest
2.2,Extemporaneous Speaking (NSDA),National Speech & Debate Association,debate-speech,https://www.speechanddebate.org,9-12,national,paid,individual,school_or_chapter,annual,2,2,3,Impromptu current-events speech event
2.2,Profile in Courage Essay (civics),JFK Library Foundation,history-geography-civics,https://www.jfklibrary.org/learn/education/profile-in-courage-essay-contest,9-12,national,free,individual,individual,annual,2,2,3,Political-courage essay (civics track)
2.2,Kangourou / Le Mathematiques (US),Math Kangaroo USA,math,https://mathkangaroo.org,1-12,national,paid,individual,either,annual,2,2,3,Regional Kangaroo sittings
2.2,Regeneron Biology Olympiad Open Exam,Center for Excellence in Education,science-engineering,https://www.usabo-trc.org,9-12,national,free,individual,school_or_chapter,annual,2,2,3,USABO first-round open exam
2.2,Verizon Innovative Learning Emerging Innovators,Verizon,science-engineering,https://www.verizon.com/learning,6-12,national,free,team,school_or_chapter,annual,2,2,3,STEM/social-impact challenge
2.0,MSHSAA Scholar Bowl,Missouri State High School Activities Association,academic-bowl,https://www.mshsaa.org,9-12,state,paid,team,school_or_chapter,annual,1,3,3,Missouri state-series buzzer competition
2.0,Quiz Bowl — Knowledge Master Open,Academic Hallmarks,academic-bowl,https://www.greatauk.com,6-12,national,paid,team,school_or_chapter,annual,1,3,3,Computer-based quiz competition
2.0,Cooper International Competition (violin/piano),Oberlin Conservatory,arts-music,https://www.oberlin.edu/cooper-competition,9-12,national,paid,individual,individual,annual,1,3,3,Pre-college classical competition
2.0,Stulberg International String Competition,Stulberg,arts-music,https://stulberg.org,6-12,national,paid,individual,individual,annual,1,3,3,Strings; age 19 & under
2.0,The American Prize,The American Prize,arts-music,https://theamericanprize.org,9-12,national,paid,both,individual,annual,1,3,3,Performing-arts competitions by category
2.0,BizWorld / young entrepreneur challenges,BizWorld.org,business-entrepreneurship,https://www.bizworld.org,3-8,national,paid,team,school_or_chapter,annual,1,3,3,Elementary/middle entrepreneurship
2.0,National Financial Capability Challenge,U.S. Treasury / partners,business-entrepreneurship,https://www.councilforeconed.org,9-12,national,free,individual,school_or_chapter,annual,1,3,3,Personal-finance knowledge test
2.0,Zooniverse / AI4ALL programs,AI4ALL,computer-science,https://ai4all.org,9-12,national,free,both,either,rolling,1,3,3,AI education programs
2.0,DAR Christopher Columbus Essay / history contests,Daughters of the American Revolution,history-geography-civics,https://www.dar.org/national-society/education/essay-contests,9-12,national,free,individual,school_or_chapter,annual,1,3,3,American-history essay contests
2.0,Elks Americanism Essay Contest,Elks USA,history-geography-civics,https://www.elks.org/programs/americanism.cfm,5-8,national,free,individual,school_or_chapter,annual,1,3,3,Grades 5-8 patriotic essay; lodge-submitted
2.0,International Geography Bee (US),International Academic Competitions,history-geography-civics,https://www.geographybee.com,4-12,national,paid,individual,either,annual,1,3,3,Geography buzzer competition
2.0,National Constitution Center — youth programs,National Constitution Center,history-geography-civics,https://constitutioncenter.org/education,6-12,national,free,both,school_or_chapter,rolling,1,3,3,Constitution education competitions
2.0,National World War II Museum student essay/challenge,National WWII Museum,history-geography-civics,https://www.nationalww2museum.org/students-teachers,6-12,national,free,individual,individual,annual,1,3,3,WWII-history student contest
2.0,SAR Knight Essay Contest,Sons of the American Revolution,history-geography-civics,https://www.sar.org/education/knight-essay-contest,9-12,national,free,individual,either,annual,1,3,3,Essay on Revolution/Constitution; cash awards
2.0,SAR Rumbaugh Historical Oration Contest,Sons of the American Revolution,history-geography-civics,https://www.sar.org/education/rumbaugh-oration-contest,9-12,national,free,individual,either,annual,1,3,3,Original oration on Revolutionary War topic
2.0,US History Bee,International Academic Competitions,history-geography-civics,https://www.historybee.com,4-12,national,paid,individual,either,annual,1,3,3,US-history buzzer contest
2.0,Caring for Our Watersheds,Nutrien,other,https://www.caringforourwatersheds.com,9-12,regional,free,both,school_or_chapter,annual,1,3,3,Environmental solutions contest
2.0,National Academic League,National Academic League,other,https://nationalacademicleague.org,4-12,national,paid,team,school_or_chapter,annual,1,3,3,"Team academic competition, all subjects"
2.0,SpellPundit National Spelling Bee,SpellPundit,other,https://spellpundit.com,K-8,national,paid,individual,individual,annual,1,3,3,Online spelling championship
2.0,Junior Botball Challenge,KISS Institute for Practical Robotics,robotics,https://www.kipr.org/jr-botball,K-8,national,paid,team,school_or_chapter,annual,1,3,3,Elementary/middle autonomous robotics
2.0,National Robotics Challenge,National Robotics Challenge,robotics,https://www.thenrc.org,6-12,national,paid,team,school_or_chapter,annual,1,3,3,Open-format robotics contest
2.0,National Robotics League,National Tooling & Machining Association,robotics,https://gonrl.org,6-12,regional,paid,team,school_or_chapter,annual,1,3,3,Combat robots; 15-lb; manufacturer-partnered
2.0,Spellman High Voltage Electronics Clean Tech Competition,Center for Science Teaching and Learning,science-engineering,https://www.cstl.org/cleantech,9-12,national,free,both,either,annual,1,3,3,Green-tech research competition
2.0,American Foreign Service National High School Essay Contest,AFSA,writing-essay,https://afsa.org/essay-contest,9-12,national,free,individual,individual,annual,1,3,3,Diplomacy-themed essay
2.0,EngineerGirl Writing Contest,National Academy of Engineering,writing-essay,https://www.engineergirl.org/writing-contest,3-12,national,free,individual,individual,annual,1,3,3,STEM-themed essay contest
2.0,Sejong Writing Competition,Sejong Cultural Society,writing-essay,https://www.sejongculturalsociety.org/writing,K-12,national,free,individual,individual,annual,1,3,3,US/Canada; sijo poetry and essay tracks
2.0,The Adroit Prizes for Poetry & Prose,The Adroit Journal,writing-essay,https://theadroitjournal.org/prizes,9-12,national,paid,individual,individual,annual,1,3,3,Secondary/undergrad writing prize
1.8,Earth Science Olympiad / National Earth Science Olympiad,American Geosciences Institute,science-engineering,https://www.earthscienceweek.org,9-12,national,free,individual,school_or_chapter,annual,1,3,2,Earth-science knowledge contest
1.7,Brain Bowl / regional academic bowls,various,academic-bowl,https://www.naqt.com,6-12,regional,paid,team,school_or_chapter,annual,1,2,3,Assorted regional academic bowls
1.7,National Latin Bee,National Latin Bee,academic-bowl,https://www.nationallatinbee.com,6-12,national,paid,individual,either,annual,1,2,3,Latin knowledge buzzer contest
1.7,National Quiz Bowl Championships (Questions Unlimited),Questions Unlimited,academic-bowl,https://www.qub.us,6-12,national,paid,team,school_or_chapter,annual,1,2,3,Quiz-bowl championship series
1.7,Reach for the Top / Academic Challenge (US regional),various,academic-bowl,https://www.naqt.com,9-12,regional,paid,team,school_or_chapter,annual,1,2,3,Regional buzzer quiz series
1.7,Celebrating Art student poetry & art anthology,Celebrating Art,arts-music,https://www.celebratingart.com,K-12,national,free,individual,individual,rolling,1,2,3,Youth art/poetry anthology contest
1.7,Emoji / Adobe youth design challenges,Adobe,arts-music,https://edex.adobe.com,6-12,national,free,individual,school_or_chapter,annual,1,2,3,Digital design challenges
1.7,Fender / student battle-of-the-bands (regional),various,arts-music,https://www.grammy.com/music-education,9-12,regional,free,team,school_or_chapter,annual,1,2,3,Regional student music competitions
1.7,GRAMMY Museum / Music Educator programs,GRAMMY Museum,arts-music,https://www.grammymuseum.org,9-12,national,free,individual,school_or_chapter,annual,1,2,3,Youth music programs/awards
1.7,Lenore Marshall / youth poetry-arts (regional),various,arts-music,https://www.youngarts.org,9-12,regional,free,individual,individual,annual,1,2,3,Regional youth arts prizes
1.7,National Sculpture Society / youth art shows,various,arts-music,https://www.pta.org/home/programs/reflections,K-12,national,free,individual,school_or_chapter,annual,1,2,3,Assorted juried youth art shows
1.7,H-E-B / regional pitch competitions (youth),various,business-entrepreneurship,https://diamondchallenge.org,9-12,regional,free,team,either,annual,1,2,3,Regional youth pitch events
1.7,MIT Launch / Global Startup Competition,MIT Launch,business-entrepreneurship,https://launchx.com,9-12,national,paid,team,either,annual,1,2,3,Startup-building competition
1.7,Prudential / youth social-impact ventures,Prudential (via NFTE),business-entrepreneurship,https://www.nfte.com,9-12,national,free,both,either,annual,1,2,3,Social-entrepreneurship venture awards
1.7,"Real Money, Real World / financial-literacy challenges",OSU Extension / partners,business-entrepreneurship,https://www.councilforeconed.org,6-12,state,free,both,school_or_chapter,annual,1,2,3,Financial-literacy simulations
1.7,The Global Youth Economics Forum / economics essay,various,business-entrepreneurship,https://www.councilforeconed.org,9-12,national,free,individual,individual,annual,1,2,3,Economics essay/challenge
1.7,Uncharted / national high school pitch competitions,Uncharted,business-entrepreneurship,https://www.unchartedlearning.org,9-12,national,free,team,school_or_chapter,annual,1,2,3,INCubatoredu pitch events
1.7,Cyber Sleuth / Air Force Association Cyber,AFA,computer-science,https://www.uscyberpatriot.org,6-12,national,free,team,school_or_chapter,annual,1,2,3,Elementary cyber education modules
1.7,PClassic (Penn),University of Pennsylvania,computer-science,https://pclassic.org,9-12,regional,free,team,school_or_chapter,annual,1,2,3,Beginner-friendly programming contest
1.7,The Coding School / AI competitions,The Coding School,computer-science,https://the-cs.org,9-12,national,free,both,either,rolling,1,2,3,Coding & quantum programs
1.7,Kids Guernica / peace-mural civics,Kids Guernica,history-geography-civics,https://www.nhd.org,K-12,national,free,team,school_or_chapter,annual,1,2,3,Collaborative peace mural project
1.7,National Council for the Social Studies youth awards,NCSS,history-geography-civics,https://www.socialstudies.org,6-12,national,free,individual,school_or_chapter,annual,1,2,3,Social-studies student recognition
1.7,National Youth Debate on the Constitution / civics forums,various,history-geography-civics,https://www.civiced.org,9-12,national,free,team,school_or_chapter,annual,1,2,3,Constitutional-issues civic forums
1.7,Rendell Center Civics / Article III Moot Court (youth),Rendell Center,history-geography-civics,https://rendellcenter.org,4-8,regional,free,team,school_or_chapter,annual,1,2,3,Elementary/middle moot-court civics
1.7,Serve America / youth civic-action challenge,Points of Light / partners,history-geography-civics,https://www.pointsoflight.org,6-12,national,free,both,school_or_chapter,annual,1,2,3,Community civic-action projects
1.7,Veterans of Foreign Wars youth citizenship,Veterans of Foreign Wars,history-geography-civics,https://www.vfw.org/community/youth-and-education,6-12,national,free,individual,either,annual,1,2,3,Patriotic/citizenship contests
1.7,By Kids For Kids / youth invention challenges,BKFK,other,https://www.nationalinventionconvention.org,K-12,national,free,individual,school_or_chapter,annual,1,2,3,Youth invention challenges
1.7,Kids Philosophy Slam,Kids Philosophy Slam,other,https://www.philosophyslam.org,K-12,national,paid,individual,school_or_chapter,annual,1,2,3,"Philosophy essay/art contest, all ages"
1.7,Hackaday / robotics maker challenges (youth),various,robotics,https://www.recf.org,6-12,national,paid,team,school_or_chapter,annual,1,2,3,Assorted regional robotics events
1.7,RoboRAVE International,RoboRAVE,robotics,https://roborave.org,3-12,national,paid,team,school_or_chapter,annual,1,2,3,Challenge-based robotics event
1.7,Sea to Sky / Drone Racing student events,MultiGP / RECF partners,robotics,https://www.recf.org/aerial-drone-competition,6-12,regional,paid,team,school_or_chapter,annual,1,2,3,Regional student drone racing
1.7,Jane Austen Society of North America Essay Contest,JASNA,writing-essay,https://jasna.org/programs/essay-contest,9-12,national,free,individual,individual,annual,1,2,3,Austen-literature essay
1.7,Leonard M. Milberg '53 High School Poetry Prize,Princeton University,writing-essay,https://arts.princeton.edu/about/opportunities/high-school-contests,11-11,national,free,individual,individual,annual,1,2,3,Poetry prize for juniors
1.7,Nancy Thorp Poetry Contest,Hollins University,writing-essay,https://www.hollins.edu/nancy-thorp,10-11,national,free,individual,individual,annual,1,2,3,Poetry contest for girls
1.7,Princeton Ten-Minute Play Contest,Princeton University,writing-essay,https://arts.princeton.edu/about/opportunities/high-school-contests,11-11,national,free,individual,individual,annual,1,2,3,Playwriting prize for juniors
1.7,Rattle Young Poets Anthology,Rattle Foundation,writing-essay,https://www.rattle.com/rya,0-12,national,free,individual,individual,annual,1,2,3,Youth-poetry anthology contest
1.7,River of Words / youth environmental poetry & art,The Center for Environmental Literacy,writing-essay,https://www.stmarys-ca.edu/river-of-words,K-12,national,free,individual,school_or_chapter,annual,1,2,3,Environment poetry/art contest
1.5,Cyberspace Mathematical Competition,MAA / partners,math,https://maa.org/student-programs/amc,11-12,national,free,individual,school_or_chapter,annual,1,2,2,Online modeling-style math event
